Player,pdga_number
Aaron Gossage,35449
Adam Hammes,57365
Aidan Scott,99246
AJ Carey,61770
Albert Tamm,76669
Alden Harris,98091
Andrew Fish,58320
Andrew Marwede,75590
Andrew Presnell,63765
Anthony Barela,44382
Austin Hannum,68835
Austin Turner,54049
Benjamin Callaway,39015
Bradley Williams,31644
Braeden Sides,129963
Brodie Smith,128378
Calvin Heimburg,45971
Carter Ahrens,88279
Casey White,81739
Chandler Fry,25541
Chandler Kramer,139228
Chris Clemons,50401
Chris Dickerson,62467
Clay Edwards,91397
Cole Redalen,79748
Colten Montgomery,35876
Connor OReilly,99648
Connor Rock,73695
Corey Ellis,44512
Drew Gibson,48346
Eagle McMahon,37817
Emerson Keith,47472
Eric Oakley,53565
Evan Scott,89394
Evan Smith,101574
Ezra Aderhold,121715
Ezra Robinson,50671
Gannon Buhr,75412
Garrett Gurthie,13864
Gavin Babcock,80331
Gavin Rathbun,60436
Grady Shue,68285
Gregg Barsby,15857
Isaac Robinson,50670
Jake Hebenheimer,43762
Jake Monn,98722
Jake Wolff,144536
Jakub Semerád,91925
James Conrad,17295
James Proctor,34250
Jeremy Koling,33705
Jesse Nieminen,58923
Joel Freeman,69509
Joona Heinänen,58926
Joseph Anderson,122356
Kevin Jones,41760
Kevin Kiefer,97115
Kyle Klein,85132
Lauri Lehtinen,82297
Linus Carlsson,82098
Luke Humphries,69424
Luke Samson,59419
Luke Taylor,102119
Mason Ford,72844
Mason Marchbanks,79753
Matt Bell,48950
Matt Orum,18330
Nate Hecker,93475
Nate Sexton,18824
Nathan Queen,68286
Nikko Locastro,11534
Niklas Anttila,91249
Parker Welck,39491
Paul Krans,132521
Paul McBeth,27523
Paul Oman,34344
Paul Ulibarri,27171
Randon Latta,51685
Raven Newsom,88212
Ricky Wysocki,38008
Robert Burridge,96512
Silas Schultz,79047
Silver Lätt,61186
Simon Lizotte,8332
Sullivan Tipton,78817
Thomas Gilbert,85850
Tim Barham,53332
Tristan Tanner,99053
Tuomas Hyytiäinen,65715
Ty Love,89959
Väinö Mäkelä,59635
Zach Arlinghaus,65266
Zachary Nash,101197